{
  "tag": "colab",
  "platform": "Linux-6.6.122+-x86_64-with-glibc2.35",
  "machine": "x86_64",
  "image_size": "1200x1600",
  "repeats": 10,
  "stages": {
    "s2_registration_ms": {
      "mean": 673.8341669002693,
      "std": 116.2076966489993
    },
    "s3_flow_ms": {
      "mean": 986.5372921001835,
      "std": 131.61880882911157
    },
    "s4s5_fusion_ms": {
      "mean": 131.0294922997855,
      "std": 17.131313326315645
    },
    "s5_post_ms": {
      "mean": 58.92299389979598,
      "std": 15.166359040017143
    }
  },
  "total": {
    "mean": 1850.3239452000344,
    "std": 252.33350131207584
  }
}